[
  {
    "model": "messagearea.conversation",
    "pk": 1,
    "fields": {
      "sender_email": "conv1@example.com",
      "immobilie_id": 177865,
      "name": "Conv 1",
      "phone": "",
      "street": "",
      "zipcode": "",
      "city": "",
      "source": "ohne-Makler",
      "rating": "",
      "is_in_trash": false,
      "is_ignored": false,
      "is_junk": false,
      "notes": "",
      "is_read": false,
      "is_replied_to": false,
      "has_been_replied_to": false,
      "has_attachments": false,
      "count_messages": 0
    }
  },
  {
    "model": "messagearea.conversation",
    "pk": 2,
    "fields": {
      "sender_email": "conv2@example.com",
      "immobilie_id": 177865,
      "name": "Conv 2",
      "phone": "",
      "street": "",
      "zipcode": "",
      "city": "",
      "source": "ohne-Makler",
      "rating": "",
      "is_in_trash": false,
      "is_ignored": false,
      "is_junk": false,
      "notes": "",
      "is_read": false,
      "is_replied_to": false,
      "has_been_replied_to": false,
      "has_attachments": false,
      "count_messages": 0
    }
  },
  {
    "model": "messagearea.conversation",
    "pk": 3,
    "fields": {
      "sender_email": "conv3@example.com",
      "immobilie_id": 177865,
      "name": "Conv 3",
      "phone": "",
      "street": "",
      "zipcode": "",
      "city": "",
      "source": "ohne-Makler",
      "rating": "",
      "is_in_trash": false,
      "is_ignored": false,
      "is_junk": false,
      "notes": "",
      "is_read": false,
      "is_replied_to": false,
      "has_been_replied_to": false,
      "has_attachments": false,
      "count_messages": 0
    }
  },
  {
    "model": "messagearea.conversation",
    "pk": 4,
    "fields": {
      "sender_email": "conv4@example.com",
      "immobilie_id": 177865,
      "name": "Conv 4",
      "phone": "",
      "street": "",
      "zipcode": "",
      "city": "",
      "source": "ohne-Makler",
      "rating": "",
      "is_in_trash": false,
      "is_ignored": false,
      "is_junk": false,
      "notes": "",
      "is_read": false,
      "is_replied_to": false,
      "has_been_replied_to": false,
      "has_attachments": false,
      "count_messages": 0
    }
  },
  {
    "model": "messagearea.conversation",
    "pk": 5,
    "fields": {
      "sender_email": "conv5@example.com",
      "immobilie_id": 177865,
      "name": "Conv 5",
      "phone": "",
      "street": "",
      "zipcode": "",
      "city": "",
      "source": "ohne-Makler",
      "rating": "",
      "is_in_trash": false,
      "is_ignored": false,
      "is_junk": false,
      "notes": "",
      "is_read": false,
      "is_replied_to": false,
      "has_been_replied_to": false,
      "has_attachments": false,
      "count_messages": 0
    }
  },
  {
    "model": "messagearea.conversation",
    "pk": 6,
    "fields": {
      "sender_email": "conv6@example.com",
      "immobilie_id": 177865,
      "name": "Conv 6",
      "phone": "",
      "street": "",
      "zipcode": "",
      "city": "",
      "source": "ohne-Makler",
      "rating": "",
      "is_in_trash": false,
      "is_ignored": false,
      "is_junk": false,
      "notes": "",
      "is_read": false,
      "is_replied_to": false,
      "has_been_replied_to": false,
      "has_attachments": false,
      "count_messages": 0
    }
  },
  {
    "model": "messagearea.conversation",
    "pk": 7,
    "fields": {
      "sender_email": "conv7@example.com",
      "immobilie_id": 177865,
      "name": "Conv 7",
      "phone": "",
      "street": "",
      "zipcode": "",
      "city": "",
      "source": "ohne-Makler",
      "rating": "",
      "is_in_trash": false,
      "is_ignored": false,
      "is_junk": false,
      "notes": "",
      "is_read": false,
      "is_replied_to": false,
      "has_been_replied_to": false,
      "has_attachments": false,
      "count_messages": 0
    }
  },
  {
    "model": "messagearea.conversation",
    "pk": 8,
    "fields": {
      "sender_email": "conv8@example.com",
      "immobilie_id": 177865,
      "name": "Conv 8",
      "phone": "",
      "street": "",
      "zipcode": "",
      "city": "",
      "source": "ohne-Makler",
      "rating": "",
      "is_in_trash": false,
      "is_ignored": false,
      "is_junk": false,
      "notes": "",
      "is_read": false,
      "is_replied_to": false,
      "has_been_replied_to": false,
      "has_attachments": false,
      "count_messages": 0
    }
  },
  {
    "model": "messagearea.conversation",
    "pk": 9,
    "fields": {
      "sender_email": "conv9@example.com",
      "immobilie_id": 177865,
      "name": "Conv 9",
      "phone": "",
      "street": "",
      "zipcode": "",
      "city": "",
      "source": "ohne-Makler",
      "rating": "",
      "is_in_trash": false,
      "is_ignored": false,
      "is_junk": false,
      "notes": "",
      "is_read": false,
      "is_replied_to": false,
      "has_been_replied_to": false,
      "has_attachments": false,
      "count_messages": 0
    }
  },
  {
    "model": "messagearea.conversation",
    "pk": 10,
    "fields": {
      "sender_email": "conv10@example.com",
      "immobilie_id": 177865,
      "name": "Conv 10",
      "phone": "",
      "street": "",
      "zipcode": "",
      "city": "",
      "source": "ohne-Makler",
      "rating": "",
      "is_in_trash": false,
      "is_ignored": false,
      "is_junk": false,
      "notes": "",
      "is_read": false,
      "is_replied_to": false,
      "has_been_replied_to": false,
      "has_attachments": false,
      "count_messages": 0
    }
  },
  {
    "model": "messagearea.conversation",
    "pk": 11,
    "fields": {
      "sender_email": "conv11@example.com",
      "immobilie_id": 177865,
      "name": "Conv 11",
      "phone": "",
      "street": "",
      "zipcode": "",
      "city": "",
      "source": "ohne-Makler",
      "rating": "",
      "is_in_trash": false,
      "is_ignored": false,
      "is_junk": false,
      "notes": "",
      "is_read": false,
      "is_replied_to": false,
      "has_been_replied_to": false,
      "has_attachments": false,
      "count_messages": 0
    }
  },
  {
    "model": "messagearea.conversation",
    "pk": 12,
    "fields": {
      "sender_email": "conv12@example.com",
      "immobilie_id": 177865,
      "name": "Conv 12",
      "phone": "",
      "street": "",
      "zipcode": "",
      "city": "",
      "source": "ohne-Makler",
      "rating": "",
      "is_in_trash": false,
      "is_ignored": false,
      "is_junk": false,
      "notes": "",
      "is_read": false,
      "is_replied_to": false,
      "has_been_replied_to": false,
      "has_attachments": false,
      "count_messages": 0
    }
  },
  {
    "model": "messagearea.conversation",
    "pk": 13,
    "fields": {
      "sender_email": "conv13@example.com",
      "immobilie_id": 177865,
      "name": "Conv 13",
      "phone": "",
      "street": "",
      "zipcode": "",
      "city": "",
      "source": "ohne-Makler",
      "rating": "",
      "is_in_trash": false,
      "is_ignored": false,
      "is_junk": false,
      "notes": "",
      "is_read": false,
      "is_replied_to": false,
      "has_been_replied_to": false,
      "has_attachments": false,
      "count_messages": 0
    }
  },
  {
    "model": "messagearea.conversation",
    "pk": 14,
    "fields": {
      "sender_email": "conv14@example.com",
      "immobilie_id": 177865,
      "name": "Conv 14",
      "phone": "",
      "street": "",
      "zipcode": "",
      "city": "",
      "source": "ohne-Makler",
      "rating": "",
      "is_in_trash": false,
      "is_ignored": false,
      "is_junk": false,
      "notes": "",
      "is_read": false,
      "is_replied_to": false,
      "has_been_replied_to": false,
      "has_attachments": false,
      "count_messages": 0
    }
  },
  {
    "model": "messagearea.conversation",
    "pk": 15,
    "fields": {
      "sender_email": "conv15@example.com",
      "immobilie_id": 177865,
      "name": "Conv 15",
      "phone": "",
      "street": "",
      "zipcode": "",
      "city": "",
      "source": "ohne-Makler",
      "rating": "",
      "is_in_trash": false,
      "is_ignored": false,
      "is_junk": false,
      "notes": "",
      "is_read": false,
      "is_replied_to": false,
      "has_been_replied_to": false,
      "has_attachments": false,
      "count_messages": 0
    }
  },
  {
    "model": "messagearea.conversation",
    "pk": 16,
    "fields": {
      "sender_email": "conv16@example.com",
      "immobilie_id": 177865,
      "name": "Conv 16",
      "phone": "",
      "street": "",
      "zipcode": "",
      "city": "",
      "source": "ohne-Makler",
      "rating": "",
      "is_in_trash": false,
      "is_ignored": false,
      "is_junk": false,
      "notes": "",
      "is_read": false,
      "is_replied_to": false,
      "has_been_replied_to": false,
      "has_attachments": false,
      "count_messages": 0
    }
  },
  {
    "model": "messagearea.conversation",
    "pk": 17,
    "fields": {
      "sender_email": "conv17@example.com",
      "immobilie_id": 177865,
      "name": "Conv 17",
      "phone": "",
      "street": "",
      "zipcode": "",
      "city": "",
      "source": "ohne-Makler",
      "rating": "",
      "is_in_trash": false,
      "is_ignored": false,
      "is_junk": false,
      "notes": "",
      "is_read": false,
      "is_replied_to": false,
      "has_been_replied_to": false,
      "has_attachments": false,
      "count_messages": 0
    }
  },
  {
    "model": "messagearea.conversation",
    "pk": 18,
    "fields": {
      "sender_email": "conv18@example.com",
      "immobilie_id": 177865,
      "name": "Conv 18",
      "phone": "",
      "street": "",
      "zipcode": "",
      "city": "",
      "source": "ohne-Makler",
      "rating": "",
      "is_in_trash": false,
      "is_ignored": false,
      "is_junk": false,
      "notes": "",
      "is_read": false,
      "is_replied_to": false,
      "has_been_replied_to": false,
      "has_attachments": false,
      "count_messages": 0
    }
  },
  {
    "model": "messagearea.conversation",
    "pk": 19,
    "fields": {
      "sender_email": "conv19@example.com",
      "immobilie_id": 177865,
      "name": "Conv 19",
      "phone": "",
      "street": "",
      "zipcode": "",
      "city": "",
      "source": "ohne-Makler",
      "rating": "",
      "is_in_trash": false,
      "is_ignored": false,
      "is_junk": false,
      "notes": "",
      "is_read": false,
      "is_replied_to": false,
      "has_been_replied_to": false,
      "has_attachments": false,
      "count_messages": 0
    }
  },
  {
    "model": "messagearea.conversation",
    "pk": 20,
    "fields": {
      "sender_email": "conv20@example.com",
      "immobilie_id": 177865,
      "name": "Conv 20",
      "phone": "",
      "street": "",
      "zipcode": "",
      "city": "",
      "source": "ohne-Makler",
      "rating": "",
      "is_in_trash": false,
      "is_ignored": false,
      "is_junk": false,
      "notes": "",
      "is_read": false,
      "is_replied_to": false,
      "has_been_replied_to": false,
      "has_attachments": false,
      "count_messages": 0
    }
  },
  {
    "model": "messagearea.conversation",
    "pk": 21,
    "fields": {
      "sender_email": "conv21@example.com",
      "immobilie_id": 177865,
      "name": "Conv 21",
      "phone": "",
      "street": "",
      "zipcode": "",
      "city": "",
      "source": "ohne-Makler",
      "rating": "",
      "is_in_trash": false,
      "is_ignored": false,
      "is_junk": false,
      "notes": "",
      "is_read": false,
      "is_replied_to": false,
      "has_been_replied_to": false,
      "has_attachments": false,
      "count_messages": 0
    }
  },
  {
    "model": "messagearea.conversation",
    "pk": 22,
    "fields": {
      "sender_email": "conv22@example.com",
      "immobilie_id": 177865,
      "name": "Conv 22",
      "phone": "",
      "street": "",
      "zipcode": "",
      "city": "",
      "source": "ohne-Makler",
      "rating": "",
      "is_in_trash": false,
      "is_ignored": false,
      "is_junk": false,
      "notes": "",
      "is_read": false,
      "is_replied_to": false,
      "has_been_replied_to": false,
      "has_attachments": false,
      "count_messages": 0
    }
  },
  {
    "model": "messagearea.conversation",
    "pk": 23,
    "fields": {
      "sender_email": "conv23@example.com",
      "immobilie_id": 177865,
      "name": "Conv 23",
      "phone": "",
      "street": "",
      "zipcode": "",
      "city": "",
      "source": "ohne-Makler",
      "rating": "",
      "is_in_trash": false,
      "is_ignored": false,
      "is_junk": false,
      "notes": "",
      "is_read": false,
      "is_replied_to": false,
      "has_been_replied_to": false,
      "has_attachments": false,
      "count_messages": 0
    }
  },
  {
    "model": "messagearea.conversation",
    "pk": 24,
    "fields": {
      "sender_email": "conv24@example.com",
      "immobilie_id": 177865,
      "name": "Conv 24",
      "phone": "",
      "street": "",
      "zipcode": "",
      "city": "",
      "source": "ohne-Makler",
      "rating": "",
      "is_in_trash": false,
      "is_ignored": false,
      "is_junk": false,
      "notes": "",
      "is_read": false,
      "is_replied_to": false,
      "has_been_replied_to": false,
      "has_attachments": false,
      "count_messages": 0
    }
  },
  {
    "model": "messagearea.conversation",
    "pk": 25,
    "fields": {
      "sender_email": "conv25@example.com",
      "immobilie_id": 177865,
      "name": "Conv 25",
      "phone": "",
      "street": "",
      "zipcode": "",
      "city": "",
      "source": "ohne-Makler",
      "rating": "",
      "is_in_trash": false,
      "is_ignored": false,
      "is_junk": false,
      "notes": "",
      "is_read": false,
      "is_replied_to": false,
      "has_been_replied_to": false,
      "has_attachments": false,
      "count_messages": 0
    }
  },
  {
    "model": "messagearea.conversation",
    "pk": 26,
    "fields": {
      "sender_email": "conv26@example.com",
      "immobilie_id": 177865,
      "name": "Conv 26",
      "phone": "",
      "street": "",
      "zipcode": "",
      "city": "",
      "source": "ohne-Makler",
      "rating": "",
      "is_in_trash": false,
      "is_ignored": false,
      "is_junk": false,
      "notes": "",
      "is_read": false,
      "is_replied_to": false,
      "has_been_replied_to": false,
      "has_attachments": false,
      "count_messages": 0
    }
  },
  {
    "model": "messagearea.conversation",
    "pk": 27,
    "fields": {
      "sender_email": "conv27@example.com",
      "immobilie_id": 177865,
      "name": "Conv 27",
      "phone": "",
      "street": "",
      "zipcode": "",
      "city": "",
      "source": "ohne-Makler",
      "rating": "",
      "is_in_trash": false,
      "is_ignored": false,
      "is_junk": false,
      "notes": "",
      "is_read": false,
      "is_replied_to": false,
      "has_been_replied_to": false,
      "has_attachments": false,
      "count_messages": 0
    }
  },
  {
    "model": "messagearea.conversation",
    "pk": 28,
    "fields": {
      "sender_email": "conv28@example.com",
      "immobilie_id": 177865,
      "name": "Conv 28",
      "phone": "",
      "street": "",
      "zipcode": "",
      "city": "",
      "source": "ohne-Makler",
      "rating": "",
      "is_in_trash": false,
      "is_ignored": false,
      "is_junk": false,
      "notes": "",
      "is_read": false,
      "is_replied_to": false,
      "has_been_replied_to": false,
      "has_attachments": false,
      "count_messages": 0
    }
  },
  {
    "model": "messagearea.conversation",
    "pk": 29,
    "fields": {
      "sender_email": "conv29@example.com",
      "immobilie_id": 177865,
      "name": "Conv 29",
      "phone": "",
      "street": "",
      "zipcode": "",
      "city": "",
      "source": "ohne-Makler",
      "rating": "",
      "is_in_trash": false,
      "is_ignored": false,
      "is_junk": false,
      "notes": "",
      "is_read": false,
      "is_replied_to": false,
      "has_been_replied_to": false,
      "has_attachments": false,
      "count_messages": 0
    }
  },
  {
    "model": "messagearea.conversation",
    "pk": 30,
    "fields": {
      "sender_email": "conv30@example.com",
      "immobilie_id": 177865,
      "name": "Conv 30",
      "phone": "",
      "street": "",
      "zipcode": "",
      "city": "",
      "source": "ohne-Makler",
      "rating": "",
      "is_in_trash": false,
      "is_ignored": false,
      "is_junk": false,
      "notes": "",
      "is_read": false,
      "is_replied_to": false,
      "has_been_replied_to": false,
      "has_attachments": false,
      "count_messages": 0
    }
  },
  {
    "model": "messagearea.incomingmessage",
    "pk": 1,
    "fields": {
      "from_email": "conf1@example.com",
      "is_read": true,
      "is_replied_to": false
    }
  },
  {
    "model": "messagearea.message",
    "pk": 1,
    "fields": {
      "conversation": 1,
      "immobilie_id": 177865,
      "message": "This is message number #1",
      "date_sent": "2021-09-23T13:33:32.550Z"
	}
  },
  {
    "model": "messagearea.incomingmessage",
    "pk": 2,
    "fields": {
      "from_email": "conf2@example.com",
      "is_read": true,
      "is_replied_to": false
    }
  },
  {
    "model": "messagearea.message",
    "pk": 2,
    "fields": {
      "conversation": 2,
      "immobilie_id": 177865,
      "message": "This is message number #2",
      "date_sent": "2021-09-23T13:33:32.551Z"
    }
  },
  {
    "model": "messagearea.incomingmessage",
    "pk": 3,
    "fields": {
      "from_email": "conf3@example.com",
      "is_read": true,
      "is_replied_to": false
    }
  },
  {
    "model": "messagearea.message",
    "pk": 3,
    "fields": {
      "conversation": 3,
      "immobilie_id": 177865,
      "message": "This is message number #3",
      "date_sent": "2021-09-23T13:33:32.552Z"
    }
  },
  {
    "model": "messagearea.incomingmessage",
    "pk": 4,
    "fields": {
      "from_email": "conf4@example.com",
      "is_read": true,
      "is_replied_to": false
    }
  },
  {
    "model": "messagearea.message",
    "pk": 4,
    "fields": {
      "conversation": 4,
      "immobilie_id": 177865,
      "message": "This is message number #4",
      "date_sent": "2021-09-23T13:33:32.553Z"
    }
  },
  {
    "model": "messagearea.incomingmessage",
    "pk": 5,
    "fields": {
      "from_email": "conf5@example.com",
      "is_read": true,
      "is_replied_to": false
    }
  },
  {
    "model": "messagearea.message",
    "pk": 5,
    "fields": {
      "conversation": 5,
      "immobilie_id": 177865,
      "message": "This is message number #5",
      "date_sent": "2021-09-23T13:33:32.554Z"
    }
  },
  {
    "model": "messagearea.incomingmessage",
    "pk": 6,
    "fields": {
      "from_email": "conf6@example.com",
      "is_read": true,
      "is_replied_to": false
    }
  },
  {
    "model": "messagearea.message",
    "pk": 6,
    "fields": {
      "conversation": 6,
      "immobilie_id": 177865,
      "message": "This is message number #6",
      "date_sent": "2021-09-23T13:33:32.555Z"
    }
  },
  {
    "model": "messagearea.incomingmessage",
    "pk": 7,
    "fields": {
      "from_email": "conf7@example.com",
      "is_read": true,
      "is_replied_to": false
    }
  },
  {
    "model": "messagearea.message",
    "pk": 7,
    "fields": {
      "conversation": 7,
      "immobilie_id": 177865,
      "message": "This is message number #7",
      "date_sent": "2021-09-23T13:33:32.556Z"
    }
  },
  {
    "model": "messagearea.incomingmessage",
    "pk": 8,
    "fields": {
      "from_email": "conf8@example.com",
      "is_read": true,
      "is_replied_to": false
    }
  },
  {
    "model": "messagearea.message",
    "pk": 8,
    "fields": {
      "conversation": 8,
      "immobilie_id": 177865,
      "message": "This is message number #8",
      "date_sent": "2021-09-23T13:33:32.557Z"
    }
  },
  {
    "model": "messagearea.incomingmessage",
    "pk": 9,
    "fields": {
      "from_email": "conf9@example.com",
      "is_read": true,
      "is_replied_to": false
    }
  },
  {
    "model": "messagearea.message",
    "pk": 9,
    "fields": {
      "conversation": 9,
      "immobilie_id": 177865,
      "message": "This is message number #9",
      "date_sent": "2021-09-23T13:33:32.558Z"
    }
  },
  {
    "model": "messagearea.incomingmessage",
    "pk": 10,
    "fields": {
      "from_email": "conf10@example.com",
      "is_read": true,
      "is_replied_to": false
    }
  },
  {
    "model": "messagearea.message",
    "pk": 10,
    "fields": {
      "conversation": 10,
      "immobilie_id": 177865,
      "message": "This is message number #10",
      "date_sent": "2021-09-23T13:33:32.559Z"
    }
  },
  {
    "model": "messagearea.incomingmessage",
    "pk": 11,
    "fields": {
      "from_email": "conf11@example.com",
      "is_read": true,
      "is_replied_to": false
    }
  },
  {
    "model": "messagearea.message",
    "pk": 11,
    "fields": {
      "conversation": 11,
      "immobilie_id": 177865,
      "message": "This is message number #11",
      "date_sent": "2021-09-23T13:33:32.560Z"
    }
  },
  {
    "model": "messagearea.incomingmessage",
    "pk": 12,
    "fields": {
      "from_email": "conf12@example.com",
      "is_read": true,
      "is_replied_to": false
    }
  },
  {
    "model": "messagearea.message",
    "pk": 12,
    "fields": {
      "conversation": 12,
      "immobilie_id": 177865,
      "message": "This is message number #12",
      "date_sent": "2021-09-23T13:33:32.561Z"
    }
  },
  {
    "model": "messagearea.incomingmessage",
    "pk": 13,
    "fields": {
      "from_email": "conf13@example.com",
      "is_read": true,
      "is_replied_to": false
    }
  },
  {
    "model": "messagearea.message",
    "pk": 13,
    "fields": {
      "conversation": 13,
      "immobilie_id": 177865,
      "message": "This is message number #13",
      "date_sent": "2021-09-23T13:33:32.562Z"
    }
  },
  {
    "model": "messagearea.incomingmessage",
    "pk": 14,
    "fields": {
      "from_email": "conf14@example.com",
      "is_read": true,
      "is_replied_to": false
    }
  },
  {
    "model": "messagearea.message",
    "pk": 14,
    "fields": {
      "conversation": 14,
      "immobilie_id": 177865,
      "message": "This is message number #14",
      "date_sent": "2021-09-23T13:33:32.563Z"
    }
  },
  {
    "model": "messagearea.incomingmessage",
    "pk": 15,
    "fields": {
      "from_email": "conf15@example.com",
      "is_read": true,
      "is_replied_to": false
    }
  },
  {
    "model": "messagearea.message",
    "pk": 15,
    "fields": {
      "conversation": 15,
      "immobilie_id": 177865,
      "message": "This is message number #15",
      "date_sent": "2021-09-23T13:33:32.564Z"
    }
  },
  {
    "model": "messagearea.incomingmessage",
    "pk": 16,
    "fields": {
      "from_email": "conf16@example.com",
      "is_read": true,
      "is_replied_to": false
    }
  },
  {
    "model": "messagearea.message",
    "pk": 16,
    "fields": {
      "conversation": 16,
      "immobilie_id": 177865,
      "message": "This is message number #16",
      "date_sent": "2021-09-23T13:33:32.565Z"
    }
  },
  {
    "model": "messagearea.incomingmessage",
    "pk": 17,
    "fields": {
      "from_email": "conf17@example.com",
      "is_read": true,
      "is_replied_to": false
    }
  },
  {
    "model": "messagearea.message",
    "pk": 17,
    "fields": {
      "conversation": 17,
      "immobilie_id": 177865,
      "message": "This is message number #17",
      "date_sent": "2021-09-23T13:33:32.566Z"
    }
  },
  {
    "model": "messagearea.incomingmessage",
    "pk": 18,
    "fields": {
      "from_email": "conf18@example.com",
      "is_read": true,
      "is_replied_to": false
    }
  },
  {
    "model": "messagearea.message",
    "pk": 18,
    "fields": {
      "conversation": 18,
      "immobilie_id": 177865,
      "message": "This is message number #18",
      "date_sent": "2021-09-23T13:33:32.567Z"
    }
  },
  {
    "model": "messagearea.incomingmessage",
    "pk": 19,
    "fields": {
      "from_email": "conf19@example.com",
      "is_read": true,
      "is_replied_to": false
    }
  },
  {
    "model": "messagearea.message",
    "pk": 19,
    "fields": {
      "conversation": 19,
      "immobilie_id": 177865,
      "message": "This is message number #19",
      "date_sent": "2021-09-23T13:33:32.568Z"
    }
  },
  {
    "model": "messagearea.incomingmessage",
    "pk": 20,
    "fields": {
      "from_email": "conf20@example.com",
      "is_read": true,
      "is_replied_to": false
    }
  },
  {
    "model": "messagearea.message",
    "pk": 20,
    "fields": {
      "conversation": 20,
      "immobilie_id": 177865,
      "message": "This is message number #20",
      "date_sent": "2021-09-23T13:33:32.569Z"
    }
  },
  {
    "model": "messagearea.incomingmessage",
    "pk": 21,
    "fields": {
      "from_email": "conf21@example.com",
      "is_read": true,
      "is_replied_to": false
    }
  },
  {
    "model": "messagearea.message",
    "pk": 21,
    "fields": {
      "conversation": 21,
      "immobilie_id": 177865,
      "message": "This is message number #21",
      "date_sent": "2021-09-23T13:33:32.580Z"
    }
  },
  {
    "model": "messagearea.incomingmessage",
    "pk": 22,
    "fields": {
      "from_email": "conf22@example.com",
      "is_read": true,
      "is_replied_to": false
    }
  },
  {
    "model": "messagearea.message",
    "pk": 22,
    "fields": {
      "conversation": 22,
      "immobilie_id": 177865,
      "message": "This is message number #22",
      "date_sent": "2021-09-23T13:33:32.581Z"
    }
  },
  {
    "model": "messagearea.incomingmessage",
    "pk": 23,
    "fields": {
      "from_email": "conf23@example.com",
      "is_read": true,
      "is_replied_to": false
    }
  },
  {
    "model": "messagearea.message",
    "pk": 23,
    "fields": {
      "conversation": 23,
      "immobilie_id": 177865,
      "message": "This is message number #23",
      "date_sent": "2021-09-23T13:33:32.582Z"
    }
  },
  {
    "model": "messagearea.incomingmessage",
    "pk": 24,
    "fields": {
      "from_email": "conf24@example.com",
      "is_read": true,
      "is_replied_to": false
    }
  },
  {
    "model": "messagearea.message",
    "pk": 24,
    "fields": {
      "conversation": 24,
      "immobilie_id": 177865,
      "message": "This is message number #24",
      "date_sent": "2021-09-23T13:33:32.583Z"
    }
  },
  {
    "model": "messagearea.incomingmessage",
    "pk": 25,
    "fields": {
      "from_email": "conf25@example.com",
      "is_read": true,
      "is_replied_to": false
    }
  },
  {
    "model": "messagearea.message",
    "pk": 25,
    "fields": {
      "conversation": 25,
      "immobilie_id": 177865,
      "message": "This is message number #25",
      "date_sent": "2021-09-23T13:33:32.584Z"
    }
  },
  {
    "model": "messagearea.incomingmessage",
    "pk": 26,
    "fields": {
      "from_email": "conf26@example.com",
      "is_read": true,
      "is_replied_to": false
    }
  },
  {
    "model": "messagearea.message",
    "pk": 26,
    "fields": {
      "conversation": 26,
      "immobilie_id": 177865,
      "message": "This is message number #26",
      "date_sent": "2021-09-23T13:33:32.585Z"
    }
  },
  {
    "model": "messagearea.incomingmessage",
    "pk": 27,
    "fields": {
      "from_email": "conf27@example.com",
      "is_read": true,
      "is_replied_to": false
    }
  },
  {
    "model": "messagearea.message",
    "pk": 27,
    "fields": {
      "conversation": 27,
      "immobilie_id": 177865,
      "message": "This is message number #27",
      "date_sent": "2021-09-23T13:33:32.586Z"
    }
  },
  {
    "model": "messagearea.incomingmessage",
    "pk": 28,
    "fields": {
      "from_email": "conf28@example.com",
      "is_read": true,
      "is_replied_to": false
    }
  },
  {
    "model": "messagearea.message",
    "pk": 28,
    "fields": {
      "conversation": 28,
      "immobilie_id": 177865,
      "message": "This is message number #28",
      "date_sent": "2021-09-23T13:33:32.587Z"
    }
  },
  {
    "model": "messagearea.incomingmessage",
    "pk": 29,
    "fields": {
      "from_email": "conf29@example.com",
      "is_read": true,
      "is_replied_to": false
    }
  },
  {
    "model": "messagearea.message",
    "pk": 29,
    "fields": {
      "conversation": 29,
      "immobilie_id": 177865,
      "message": "This is message number #29",
      "date_sent": "2021-09-23T13:33:32.588Z"
    }
  },
  {
    "model": "messagearea.incomingmessage",
    "pk": 30,
    "fields": {
      "from_email": "conf30@example.com",
      "is_read": true,
      "is_replied_to": false
    }
  },
  {
    "model": "messagearea.message",
    "pk": 30,
    "fields": {
      "conversation": 30,
      "immobilie_id": 177865,
      "message": "This is message number #31",
      "date_sent": "2021-09-23T13:33:32.589Z"
    }
  }
]
