[{"model": "auth.permission", "pk": 1, "fields": {"name": "Can add log entry", "content_type": 1, "codename": "add_logentry"}}, {"model": "auth.permission", "pk": 2, "fields": {"name": "Can change log entry", "content_type": 1, "codename": "change_logentry"}}, {"model": "auth.permission", "pk": 3, "fields": {"name": "Can delete log entry", "content_type": 1, "codename": "delete_logentry"}}, {"model": "auth.permission", "pk": 4, "fields": {"name": "Can view log entry", "content_type": 1, "codename": "view_logentry"}}, {"model": "auth.permission", "pk": 5, "fields": {"name": "Can add permission", "content_type": 2, "codename": "add_permission"}}, {"model": "auth.permission", "pk": 6, "fields": {"name": "Can change permission", "content_type": 2, "codename": "change_permission"}}, {"model": "auth.permission", "pk": 7, "fields": {"name": "Can delete permission", "content_type": 2, "codename": "delete_permission"}}, {"model": "auth.permission", "pk": 8, "fields": {"name": "Can view permission", "content_type": 2, "codename": "view_permission"}}, {"model": "auth.permission", "pk": 9, "fields": {"name": "Can add group", "content_type": 3, "codename": "add_group"}}, {"model": "auth.permission", "pk": 10, "fields": {"name": "Can change group", "content_type": 3, "codename": "change_group"}}, {"model": "auth.permission", "pk": 11, "fields": {"name": "Can delete group", "content_type": 3, "codename": "delete_group"}}, {"model": "auth.permission", "pk": 12, "fields": {"name": "Can view group", "content_type": 3, "codename": "view_group"}}, {"model": "auth.permission", "pk": 13, "fields": {"name": "Can add user", "content_type": 4, "codename": "add_user"}}, {"model": "auth.permission", "pk": 14, "fields": {"name": "Can change user", "content_type": 4, "codename": "change_user"}}, {"model": "auth.permission", "pk": 15, "fields": {"name": "Can delete user", "content_type": 4, "codename": "delete_user"}}, {"model": "auth.permission", "pk": 16, "fields": {"name": "Can view user", "content_type": 4, "codename": "view_user"}}, {"model": "auth.permission", "pk": 17, "fields": {"name": "Can add content type", "content_type": 5, "codename": "add_contenttype"}}, {"model": "auth.permission", "pk": 18, "fields": {"name": "Can change content type", "content_type": 5, "codename": "change_contenttype"}}, {"model": "auth.permission", "pk": 19, "fields": {"name": "Can delete content type", "content_type": 5, "codename": "delete_contenttype"}}, {"model": "auth.permission", "pk": 20, "fields": {"name": "Can view content type", "content_type": 5, "codename": "view_contenttype"}}, {"model": "auth.permission", "pk": 21, "fields": {"name": "Can add session", "content_type": 6, "codename": "add_session"}}, {"model": "auth.permission", "pk": 22, "fields": {"name": "Can change session", "content_type": 6, "codename": "change_session"}}, {"model": "auth.permission", "pk": 23, "fields": {"name": "Can delete session", "content_type": 6, "codename": "delete_session"}}, {"model": "auth.permission", "pk": 24, "fields": {"name": "Can view session", "content_type": 6, "codename": "view_session"}}, {"model": "auth.permission", "pk": 25, "fields": {"name": "Can add conversation", "content_type": 7, "codename": "add_conversation"}}, {"model": "auth.permission", "pk": 26, "fields": {"name": "Can change conversation", "content_type": 7, "codename": "change_conversation"}}, {"model": "auth.permission", "pk": 27, "fields": {"name": "Can delete conversation", "content_type": 7, "codename": "delete_conversation"}}, {"model": "auth.permission", "pk": 28, "fields": {"name": "Can view conversation", "content_type": 7, "codename": "view_conversation"}}, {"model": "auth.permission", "pk": 29, "fields": {"name": "Can add message", "content_type": 8, "codename": "add_message"}}, {"model": "auth.permission", "pk": 30, "fields": {"name": "Can change message", "content_type": 8, "codename": "change_message"}}, {"model": "auth.permission", "pk": 31, "fields": {"name": "Can delete message", "content_type": 8, "codename": "delete_message"}}, {"model": "auth.permission", "pk": 32, "fields": {"name": "Can view message", "content_type": 8, "codename": "view_message"}}, {"model": "auth.permission", "pk": 33, "fields": {"name": "Can add incoming message", "content_type": 9, "codename": "add_incomingmessage"}}, {"model": "auth.permission", "pk": 34, "fields": {"name": "Can change incoming message", "content_type": 9, "codename": "change_incomingmessage"}}, {"model": "auth.permission", "pk": 35, "fields": {"name": "Can delete incoming message", "content_type": 9, "codename": "delete_incomingmessage"}}, {"model": "auth.permission", "pk": 36, "fields": {"name": "Can view incoming message", "content_type": 9, "codename": "view_incomingmessage"}}, {"model": "auth.permission", "pk": 37, "fields": {"name": "Can add outgoing message", "content_type": 10, "codename": "add_outgoingmessage"}}, {"model": "auth.permission", "pk": 38, "fields": {"name": "Can change outgoing message", "content_type": 10, "codename": "change_outgoingmessage"}}, {"model": "auth.permission", "pk": 39, "fields": {"name": "Can delete outgoing message", "content_type": 10, "codename": "delete_outgoingmessage"}}, {"model": "auth.permission", "pk": 40, "fields": {"name": "Can view outgoing message", "content_type": 10, "codename": "view_outgoingmessage"}}, {"model": "contenttypes.contenttype", "pk": 1, "fields": {"app_label": "admin", "model": "logentry"}}, {"model": "contenttypes.contenttype", "pk": 2, "fields": {"app_label": "auth", "model": "permission"}}, {"model": "contenttypes.contenttype", "pk": 3, "fields": {"app_label": "auth", "model": "group"}}, {"model": "contenttypes.contenttype", "pk": 4, "fields": {"app_label": "auth", "model": "user"}}, {"model": "contenttypes.contenttype", "pk": 5, "fields": {"app_label": "contenttypes", "model": "contenttype"}}, {"model": "contenttypes.contenttype", "pk": 6, "fields": {"app_label": "sessions", "model": "session"}}, {"model": "contenttypes.contenttype", "pk": 7, "fields": {"app_label": "messagearea", "model": "conversation"}}, {"model": "contenttypes.contenttype", "pk": 8, "fields": {"app_label": "messagearea", "model": "message"}}, {"model": "contenttypes.contenttype", "pk": 9, "fields": {"app_label": "messagearea", "model": "incomingmessage"}}, {"model": "contenttypes.contenttype", "pk": 10, "fields": {"app_label": "messagearea", "model": "outgoingmessage"}}, {"model": "messagearea.conversation", "pk": 1, "fields": {"sender_email": "conv1@example.com", "immobilie_id": 177865, "name": "Conv 1", "phone": "", "street": "", "zipcode": "", "city": "", "source": "ohne-Makler", "rating": "", "is_in_trash": false, "is_ignored": false, "is_junk": false, "notes": "", "is_read": false, "is_replied_to": false, "has_been_replied_to": false, "has_attachments": false, "count_messages": 0, "date_last_change": "2022-09-01T08:58:42.467Z"}}, {"model": "messagearea.conversation", "pk": 2, "fields": {"sender_email": "conv2@example.com", "immobilie_id": 177865, "name": "Conv 2", "phone": "", "street": "", "zipcode": "", "city": "", "source": "ohne-Makler", "rating": "", "is_in_trash": false, "is_ignored": false, "is_junk": false, "notes": "", "is_read": false, "is_replied_to": false, "has_been_replied_to": false, "has_attachments": false, "count_messages": 0, "date_last_change": "2022-09-01T08:58:42.467Z"}}, {"model": "messagearea.conversation", "pk": 3, "fields": {"sender_email": "conv3@example.com", "immobilie_id": 177865, "name": "Conv 3", "phone": "", "street": "", "zipcode": "", "city": "", "source": "ohne-Makler", "rating": "", "is_in_trash": false, "is_ignored": false, "is_junk": false, "notes": "", "is_read": false, "is_replied_to": false, "has_been_replied_to": false, "has_attachments": false, "count_messages": 0, "date_last_change": "2022-09-01T08:58:42.467Z"}}, {"model": "messagearea.conversation", "pk": 4, "fields": {"sender_email": "conv4@example.com", "immobilie_id": 177865, "name": "Conv 4", "phone": "", "street": "", "zipcode": "", "city": "", "source": "ohne-Makler", "rating": "", "is_in_trash": false, "is_ignored": false, "is_junk": false, "notes": "", "is_read": false, "is_replied_to": false, "has_been_replied_to": false, "has_attachments": false, "count_messages": 0, "date_last_change": "2022-09-01T08:58:42.467Z"}}, {"model": "messagearea.conversation", "pk": 5, "fields": {"sender_email": "conv5@example.com", "immobilie_id": 177865, "name": "Conv 5", "phone": "", "street": "", "zipcode": "", "city": "", "source": "ohne-Makler", "rating": "", "is_in_trash": false, "is_ignored": false, "is_junk": false, "notes": "", "is_read": false, "is_replied_to": false, "has_been_replied_to": false, "has_attachments": false, "count_messages": 0, "date_last_change": "2022-09-01T08:58:42.467Z"}}, {"model": "messagearea.conversation", "pk": 6, "fields": {"sender_email": "conv6@example.com", "immobilie_id": 177865, "name": "Conv 6", "phone": "", "street": "", "zipcode": "", "city": "", "source": "ohne-Makler", "rating": "", "is_in_trash": false, "is_ignored": false, "is_junk": false, "notes": "", "is_read": false, "is_replied_to": false, "has_been_replied_to": false, "has_attachments": false, "count_messages": 0, "date_last_change": "2022-09-01T08:58:42.467Z"}}, {"model": "messagearea.conversation", "pk": 7, "fields": {"sender_email": "conv7@example.com", "immobilie_id": 177865, "name": "Conv 7", "phone": "", "street": "", "zipcode": "", "city": "", "source": "ohne-Makler", "rating": "", "is_in_trash": false, "is_ignored": false, "is_junk": false, "notes": "", "is_read": false, "is_replied_to": false, "has_been_replied_to": false, "has_attachments": false, "count_messages": 0, "date_last_change": "2022-09-01T08:58:42.467Z"}}, {"model": "messagearea.conversation", "pk": 8, "fields": {"sender_email": "conv8@example.com", "immobilie_id": 177865, "name": "Conv 8", "phone": "", "street": "", "zipcode": "", "city": "", "source": "ohne-Makler", "rating": "", "is_in_trash": false, "is_ignored": false, "is_junk": false, "notes": "", "is_read": false, "is_replied_to": false, "has_been_replied_to": false, "has_attachments": false, "count_messages": 0, "date_last_change": "2022-09-01T08:58:42.467Z"}}, {"model": "messagearea.conversation", "pk": 9, "fields": {"sender_email": "conv9@example.com", "immobilie_id": 177865, "name": "Conv 9", "phone": "", "street": "", "zipcode": "", "city": "", "source": "ohne-Makler", "rating": "", "is_in_trash": false, "is_ignored": false, "is_junk": false, "notes": "", "is_read": false, "is_replied_to": false, "has_been_replied_to": false, "has_attachments": false, "count_messages": 0, "date_last_change": "2022-09-01T08:58:42.467Z"}}, {"model": "messagearea.conversation", "pk": 10, "fields": {"sender_email": "conv10@example.com", "immobilie_id": 177865, "name": "Conv 10", "phone": "", "street": "", "zipcode": "", "city": "", "source": "ohne-Makler", "rating": "", "is_in_trash": false, "is_ignored": false, "is_junk": false, "notes": "", "is_read": false, "is_replied_to": false, "has_been_replied_to": false, "has_attachments": false, "count_messages": 0, "date_last_change": "2022-09-01T08:58:42.467Z"}}, {"model": "messagearea.conversation", "pk": 11, "fields": {"sender_email": "conv11@example.com", "immobilie_id": 177865, "name": "Conv 11", "phone": "", "street": "", "zipcode": "", "city": "", "source": "ohne-Makler", "rating": "", "is_in_trash": false, "is_ignored": false, "is_junk": false, "notes": "", "is_read": false, "is_replied_to": false, "has_been_replied_to": false, "has_attachments": false, "count_messages": 0, "date_last_change": "2022-09-01T08:58:42.467Z"}}, {"model": "messagearea.conversation", "pk": 12, "fields": {"sender_email": "conv12@example.com", "immobilie_id": 177865, "name": "Conv 12", "phone": "", "street": "", "zipcode": "", "city": "", "source": "ohne-Makler", "rating": "", "is_in_trash": false, "is_ignored": false, "is_junk": false, "notes": "", "is_read": false, "is_replied_to": false, "has_been_replied_to": false, "has_attachments": false, "count_messages": 0, "date_last_change": "2022-09-01T08:58:42.467Z"}}, {"model": "messagearea.conversation", "pk": 13, "fields": {"sender_email": "conv13@example.com", "immobilie_id": 177865, "name": "Conv 13", "phone": "", "street": "", "zipcode": "", "city": "", "source": "ohne-Makler", "rating": "", "is_in_trash": false, "is_ignored": false, "is_junk": false, "notes": "", "is_read": false, "is_replied_to": false, "has_been_replied_to": false, "has_attachments": false, "count_messages": 0, "date_last_change": "2022-09-01T08:58:42.467Z"}}, {"model": "messagearea.conversation", "pk": 14, "fields": {"sender_email": "conv14@example.com", "immobilie_id": 177865, "name": "Conv 14", "phone": "", "street": "", "zipcode": "", "city": "", "source": "ohne-Makler", "rating": "", "is_in_trash": false, "is_ignored": false, "is_junk": false, "notes": "", "is_read": false, "is_replied_to": false, "has_been_replied_to": false, "has_attachments": false, "count_messages": 0, "date_last_change": "2022-09-01T08:58:42.467Z"}}, {"model": "messagearea.conversation", "pk": 15, "fields": {"sender_email": "conv15@example.com", "immobilie_id": 177865, "name": "Conv 15", "phone": "", "street": "", "zipcode": "", "city": "", "source": "ohne-Makler", "rating": "", "is_in_trash": false, "is_ignored": false, "is_junk": false, "notes": "", "is_read": false, "is_replied_to": false, "has_been_replied_to": false, "has_attachments": false, "count_messages": 0, "date_last_change": "2022-09-01T08:58:42.467Z"}}, {"model": "messagearea.conversation", "pk": 16, "fields": {"sender_email": "conv16@example.com", "immobilie_id": 177865, "name": "Conv 16", "phone": "", "street": "", "zipcode": "", "city": "", "source": "ohne-Makler", "rating": "", "is_in_trash": false, "is_ignored": false, "is_junk": false, "notes": "", "is_read": false, "is_replied_to": false, "has_been_replied_to": false, "has_attachments": false, "count_messages": 0, "date_last_change": "2022-09-01T08:58:42.467Z"}}, {"model": "messagearea.conversation", "pk": 17, "fields": {"sender_email": "conv17@example.com", "immobilie_id": 177865, "name": "Conv 17", "phone": "", "street": "", "zipcode": "", "city": "", "source": "ohne-Makler", "rating": "", "is_in_trash": false, "is_ignored": false, "is_junk": false, "notes": "", "is_read": false, "is_replied_to": false, "has_been_replied_to": false, "has_attachments": false, "count_messages": 0, "date_last_change": "2022-09-01T08:58:42.467Z"}}, {"model": "messagearea.conversation", "pk": 18, "fields": {"sender_email": "conv18@example.com", "immobilie_id": 177865, "name": "Conv 18", "phone": "", "street": "", "zipcode": "", "city": "", "source": "ohne-Makler", "rating": "", "is_in_trash": false, "is_ignored": false, "is_junk": false, "notes": "", "is_read": false, "is_replied_to": false, "has_been_replied_to": false, "has_attachments": false, "count_messages": 0, "date_last_change": "2022-09-01T08:58:42.467Z"}}, {"model": "messagearea.conversation", "pk": 19, "fields": {"sender_email": "conv19@example.com", "immobilie_id": 177865, "name": "Conv 19", "phone": "", "street": "", "zipcode": "", "city": "", "source": "ohne-Makler", "rating": "", "is_in_trash": false, "is_ignored": false, "is_junk": false, "notes": "", "is_read": false, "is_replied_to": false, "has_been_replied_to": false, "has_attachments": false, "count_messages": 0, "date_last_change": "2022-09-01T08:58:42.467Z"}}, {"model": "messagearea.conversation", "pk": 20, "fields": {"sender_email": "conv20@example.com", "immobilie_id": 177865, "name": "Conv 20", "phone": "", "street": "", "zipcode": "", "city": "", "source": "ohne-Makler", "rating": "", "is_in_trash": false, "is_ignored": false, "is_junk": false, "notes": "", "is_read": false, "is_replied_to": false, "has_been_replied_to": false, "has_attachments": false, "count_messages": 0, "date_last_change": "2022-09-01T08:58:42.467Z"}}, {"model": "messagearea.conversation", "pk": 21, "fields": {"sender_email": "conv21@example.com", "immobilie_id": 177865, "name": "Conv 21", "phone": "", "street": "", "zipcode": "", "city": "", "source": "ohne-Makler", "rating": "", "is_in_trash": false, "is_ignored": false, "is_junk": false, "notes": "", "is_read": false, "is_replied_to": false, "has_been_replied_to": false, "has_attachments": false, "count_messages": 0, "date_last_change": "2022-09-01T08:58:42.467Z"}}, {"model": "messagearea.conversation", "pk": 22, "fields": {"sender_email": "conv22@example.com", "immobilie_id": 177865, "name": "Conv 22", "phone": "", "street": "", "zipcode": "", "city": "", "source": "ohne-Makler", "rating": "", "is_in_trash": false, "is_ignored": false, "is_junk": false, "notes": "", "is_read": false, "is_replied_to": false, "has_been_replied_to": false, "has_attachments": false, "count_messages": 0, "date_last_change": "2022-09-01T08:58:42.467Z"}}, {"model": "messagearea.conversation", "pk": 23, "fields": {"sender_email": "conv23@example.com", "immobilie_id": 177865, "name": "Conv 23", "phone": "", "street": "", "zipcode": "", "city": "", "source": "ohne-Makler", "rating": "", "is_in_trash": false, "is_ignored": false, "is_junk": false, "notes": "", "is_read": false, "is_replied_to": false, "has_been_replied_to": false, "has_attachments": false, "count_messages": 0, "date_last_change": "2022-09-01T08:58:42.467Z"}}, {"model": "messagearea.conversation", "pk": 24, "fields": {"sender_email": "conv24@example.com", "immobilie_id": 177865, "name": "Conv 24", "phone": "", "street": "", "zipcode": "", "city": "", "source": "ohne-Makler", "rating": "", "is_in_trash": false, "is_ignored": false, "is_junk": false, "notes": "", "is_read": false, "is_replied_to": false, "has_been_replied_to": false, "has_attachments": false, "count_messages": 0, "date_last_change": "2022-09-01T08:58:42.467Z"}}, {"model": "messagearea.conversation", "pk": 25, "fields": {"sender_email": "conv25@example.com", "immobilie_id": 177865, "name": "Conv 25", "phone": "", "street": "", "zipcode": "", "city": "", "source": "ohne-Makler", "rating": "", "is_in_trash": false, "is_ignored": false, "is_junk": false, "notes": "", "is_read": false, "is_replied_to": false, "has_been_replied_to": false, "has_attachments": false, "count_messages": 0, "date_last_change": "2022-09-01T08:58:42.467Z"}}, {"model": "messagearea.conversation", "pk": 26, "fields": {"sender_email": "conv26@example.com", "immobilie_id": 177865, "name": "Conv 26", "phone": "", "street": "", "zipcode": "", "city": "", "source": "ohne-Makler", "rating": "", "is_in_trash": false, "is_ignored": false, "is_junk": false, "notes": "", "is_read": false, "is_replied_to": false, "has_been_replied_to": false, "has_attachments": false, "count_messages": 0, "date_last_change": "2022-09-01T08:58:42.467Z"}}, {"model": "messagearea.conversation", "pk": 27, "fields": {"sender_email": "conv27@example.com", "immobilie_id": 177865, "name": "Conv 27", "phone": "", "street": "", "zipcode": "", "city": "", "source": "ohne-Makler", "rating": "", "is_in_trash": false, "is_ignored": false, "is_junk": false, "notes": "", "is_read": false, "is_replied_to": false, "has_been_replied_to": false, "has_attachments": false, "count_messages": 0, "date_last_change": "2022-09-01T08:58:42.467Z"}}, {"model": "messagearea.conversation", "pk": 28, "fields": {"sender_email": "conv28@example.com", "immobilie_id": 177865, "name": "Conv 28", "phone": "", "street": "", "zipcode": "", "city": "", "source": "ohne-Makler", "rating": "", "is_in_trash": false, "is_ignored": false, "is_junk": false, "notes": "", "is_read": false, "is_replied_to": false, "has_been_replied_to": false, "has_attachments": false, "count_messages": 0, "date_last_change": "2022-09-01T08:58:42.467Z"}}, {"model": "messagearea.conversation", "pk": 29, "fields": {"sender_email": "conv29@example.com", "immobilie_id": 177865, "name": "Conv 29", "phone": "", "street": "", "zipcode": "", "city": "", "source": "ohne-Makler", "rating": "", "is_in_trash": false, "is_ignored": false, "is_junk": false, "notes": "", "is_read": false, "is_replied_to": false, "has_been_replied_to": false, "has_attachments": false, "count_messages": 0, "date_last_change": "2022-09-01T08:58:42.467Z"}}, {"model": "messagearea.conversation", "pk": 30, "fields": {"sender_email": "conv30@example.com", "immobilie_id": 177865, "name": "Conv 30", "phone": "", "street": "", "zipcode": "", "city": "", "source": "ohne-Makler", "rating": "", "is_in_trash": false, "is_ignored": false, "is_junk": false, "notes": "", "is_read": false, "is_replied_to": false, "has_been_replied_to": false, "has_attachments": false, "count_messages": 0, "date_last_change": "2022-09-01T08:58:42.467Z"}}, {"model": "messagearea.conversation", "pk": 33, "fields": {"sender_email": "bernd.stromberg@example.com", "immobilie_id": 123456, "name": "Bernd Stromberg", "phone": "", "street": "", "zipcode": "", "city": "", "source": "ImmoScout24", "rating": "yellow", "is_in_trash": false, "is_ignored": false, "is_junk": false, "notes": "Komischer Kautz", "is_read": false, "is_replied_to": false, "has_been_replied_to": true, "has_attachments": false, "count_messages": 0, "date_last_change": "2022-09-09T11:35:22.999Z"}}, {"model": "messagearea.conversation", "pk": 34, "fields": {"sender_email": "the-ernie@example.com", "immobilie_id": 123456, "name": "Berthold Heisterkamp", "phone": "", "street": "", "zipcode": "", "city": "", "source": "immowelt", "rating": "green", "is_in_trash": false, "is_ignored": false, "is_junk": false, "notes": "", "is_read": true, "is_replied_to": false, "has_been_replied_to": true, "has_attachments": false, "count_messages": 0, "date_last_change": "2022-09-09T11:35:23.027Z"}}, {"model": "messagearea.conversation", "pk": 35, "fields": {"sender_email": "boss.becker@example.com", "immobilie_id": 123456, "name": "T. Becker", "phone": "", "street": "", "zipcode": "", "city": "", "source": "eBay Kleinanzeigen", "rating": "red", "is_in_trash": false, "is_ignored": true, "is_junk": false, "notes": "", "is_read": true, "is_replied_to": false, "has_been_replied_to": false, "has_attachments": false, "count_messages": 0, "date_last_change": "2022-09-09T11:35:23.066Z"}}, {"model": "messagearea.conversation", "pk": 36, "fields": {"sender_email": "die-steinkes@example.com", "immobilie_id": 123456, "name": "Familie Steinke", "phone": "", "street": "", "zipcode": "", "city": "", "source": "ohne-makler.net", "rating": "", "is_in_trash": false, "is_ignored": false, "is_junk": false, "notes": "", "is_read": true, "is_replied_to": false, "has_been_replied_to": false, "has_attachments": false, "count_messages": 0, "date_last_change": "2022-09-09T11:35:23.085Z"}}, {"model": "messagearea.conversation", "pk": 37, "fields": {"sender_email": "donald@whitehouse.gov", "immobilie_id": 123456, "name": "Donald J. Trump", "phone": "", "street": "", "zipcode": "", "city": "", "source": "ohne-makler.net", "rating": "red", "is_in_trash": true, "is_ignored": false, "is_junk": false, "notes": "", "is_read": true, "is_replied_to": true, "has_been_replied_to": true, "has_attachments": false, "count_messages": 0, "date_last_change": "2022-09-09T11:35:23.102Z"}}, {"model": "messagearea.conversation", "pk": 38, "fields": {"sender_email": "erika@example.com", "immobilie_id": 123456, "name": "Erika Burstedt", "phone": "", "street": "", "zipcode": "", "city": "", "source": "ohne-makler.net", "rating": "", "is_in_trash": false, "is_ignored": false, "is_junk": false, "notes": "", "is_read": false, "is_replied_to": false, "has_been_replied_to": false, "has_attachments": false, "count_messages": 0, "date_last_change": "2022-09-09T11:35:23.120Z"}}, {"model": "messagearea.message", "pk": 1, "fields": {"conversation": 1, "immobilie_id": 177865, "message": "This is message number #1", "date_sent": "2021-09-23T13:33:32.550Z"}}, {"model": "messagearea.message", "pk": 2, "fields": {"conversation": 2, "immobilie_id": 177865, "message": "This is message number #2", "date_sent": "2021-09-23T13:33:32.551Z"}}, {"model": "messagearea.message", "pk": 3, "fields": {"conversation": 3, "immobilie_id": 177865, "message": "This is message number #3", "date_sent": "2021-09-23T13:33:32.552Z"}}, {"model": "messagearea.message", "pk": 4, "fields": {"conversation": 4, "immobilie_id": 177865, "message": "This is message number #4", "date_sent": "2021-09-23T13:33:32.553Z"}}, {"model": "messagearea.message", "pk": 5, "fields": {"conversation": 5, "immobilie_id": 177865, "message": "This is message number #5", "date_sent": "2021-09-23T13:33:32.554Z"}}, {"model": "messagearea.message", "pk": 6, "fields": {"conversation": 6, "immobilie_id": 177865, "message": "This is message number #6", "date_sent": "2021-09-23T13:33:32.555Z"}}, {"model": "messagearea.message", "pk": 7, "fields": {"conversation": 7, "immobilie_id": 177865, "message": "This is message number #7", "date_sent": "2021-09-23T13:33:32.556Z"}}, {"model": "messagearea.message", "pk": 8, "fields": {"conversation": 8, "immobilie_id": 177865, "message": "This is message number #8", "date_sent": "2021-09-23T13:33:32.557Z"}}, {"model": "messagearea.message", "pk": 9, "fields": {"conversation": 9, "immobilie_id": 177865, "message": "This is message number #9", "date_sent": "2021-09-23T13:33:32.558Z"}}, {"model": "messagearea.message", "pk": 10, "fields": {"conversation": 10, "immobilie_id": 177865, "message": "This is message number #10", "date_sent": "2021-09-23T13:33:32.559Z"}}, {"model": "messagearea.message", "pk": 11, "fields": {"conversation": 11, "immobilie_id": 177865, "message": "This is message number #11", "date_sent": "2021-09-23T13:33:32.560Z"}}, {"model": "messagearea.message", "pk": 12, "fields": {"conversation": 12, "immobilie_id": 177865, "message": "This is message number #12", "date_sent": "2021-09-23T13:33:32.561Z"}}, {"model": "messagearea.message", "pk": 13, "fields": {"conversation": 13, "immobilie_id": 177865, "message": "This is message number #13", "date_sent": "2021-09-23T13:33:32.562Z"}}, {"model": "messagearea.message", "pk": 14, "fields": {"conversation": 14, "immobilie_id": 177865, "message": "This is message number #14", "date_sent": "2021-09-23T13:33:32.563Z"}}, {"model": "messagearea.message", "pk": 15, "fields": {"conversation": 15, "immobilie_id": 177865, "message": "This is message number #15", "date_sent": "2021-09-23T13:33:32.564Z"}}, {"model": "messagearea.message", "pk": 16, "fields": {"conversation": 16, "immobilie_id": 177865, "message": "This is message number #16", "date_sent": "2021-09-23T13:33:32.565Z"}}, {"model": "messagearea.message", "pk": 17, "fields": {"conversation": 17, "immobilie_id": 177865, "message": "This is message number #17", "date_sent": "2021-09-23T13:33:32.566Z"}}, {"model": "messagearea.message", "pk": 18, "fields": {"conversation": 18, "immobilie_id": 177865, "message": "This is message number #18", "date_sent": "2021-09-23T13:33:32.567Z"}}, {"model": "messagearea.message", "pk": 19, "fields": {"conversation": 19, "immobilie_id": 177865, "message": "This is message number #19", "date_sent": "2021-09-23T13:33:32.568Z"}}, {"model": "messagearea.message", "pk": 20, "fields": {"conversation": 20, "immobilie_id": 177865, "message": "This is message number #20", "date_sent": "2021-09-23T13:33:32.569Z"}}, {"model": "messagearea.message", "pk": 21, "fields": {"conversation": 21, "immobilie_id": 177865, "message": "This is message number #21", "date_sent": "2021-09-23T13:33:32.580Z"}}, {"model": "messagearea.message", "pk": 22, "fields": {"conversation": 22, "immobilie_id": 177865, "message": "This is message number #22", "date_sent": "2021-09-23T13:33:32.581Z"}}, {"model": "messagearea.message", "pk": 23, "fields": {"conversation": 23, "immobilie_id": 177865, "message": "This is message number #23", "date_sent": "2021-09-23T13:33:32.582Z"}}, {"model": "messagearea.message", "pk": 24, "fields": {"conversation": 24, "immobilie_id": 177865, "message": "This is message number #24", "date_sent": "2021-09-23T13:33:32.583Z"}}, {"model": "messagearea.message", "pk": 25, "fields": {"conversation": 25, "immobilie_id": 177865, "message": "This is message number #25", "date_sent": "2021-09-23T13:33:32.584Z"}}, {"model": "messagearea.message", "pk": 26, "fields": {"conversation": 26, "immobilie_id": 177865, "message": "This is message number #26", "date_sent": "2021-09-23T13:33:32.585Z"}}, {"model": "messagearea.message", "pk": 27, "fields": {"conversation": 27, "immobilie_id": 177865, "message": "This is message number #27", "date_sent": "2021-09-23T13:33:32.586Z"}}, {"model": "messagearea.message", "pk": 28, "fields": {"conversation": 28, "immobilie_id": 177865, "message": "This is message number #28", "date_sent": "2021-09-23T13:33:32.587Z"}}, {"model": "messagearea.message", "pk": 29, "fields": {"conversation": 29, "immobilie_id": 177865, "message": "This is message number #29", "date_sent": "2021-09-23T13:33:32.588Z"}}, {"model": "messagearea.message", "pk": 30, "fields": {"conversation": 30, "immobilie_id": 177865, "message": "This is message number #31", "date_sent": "2021-09-23T13:33:32.589Z"}}, {"model": "messagearea.message", "pk": 31, "fields": {"conversation": 33, "immobilie_id": 123456, "message": "Sehr geehrter Herr Mustermann,\n\nich habe großes Interesse an dem von Ihnen angebotenem Haus. Gerne würde ich hier einziehen, und auch den extra Raum könnte ich prima für ein Home-Office nutzen. Bei mir im Büro ist es immer so laut.\n\nMit freundlichen Grüßen\nStromberg\n\n--\nCapitol Versicherung AG\nAbteilung Schadensregulierung M–Z\n12345 Finsterbach", "date_sent": "2022-09-09T06:37:22.969Z"}}, {"model": "messagearea.message", "pk": 32, "fields": {"conversation": 33, "immobilie_id": 123456, "message": "Moin Herr Stromberg, gerne können Sie sich das Haus anschauen. Wie sieht es bei Ihnen morgen oder übermorgen jeweils gegen 18 Uhr aus?", "date_sent": "2022-09-09T09:07:22.986Z"}}, {"model": "messagearea.message", "pk": 33, "fields": {"conversation": 33, "immobilie_id": 123456, "message": "Nee, das ist mir eigentlich zu spät. Geht es nicht auch Mittags, so um Zwölfe rum?", "date_sent": "2022-09-09T10:11:22.997Z"}}, {"model": "messagearea.message", "pk": 34, "fields": {"conversation": 34, "immobilie_id": 123456, "message": "Hallo lieber Verkäufer,\n\\,ich möchte gerne in das Haus einziehen. Die virtuelle Besichtigung habe ich mir angesehen, es ist wirklich ein Traum! Eine Finanzierungsbestätigung meiner Bank liegt mir vor, wenn's nach mir ginge würde ich noch diese Woche einziehen. Kann ich kurzfristig mal vorbeischauen und mir alles angucken?\n\nLiebe Grüße!\nBerthold Heisterkamp", "date_sent": "2022-09-09T07:01:23.024Z"}}, {"model": "messagearea.message", "pk": 35, "fields": {"conversation": 34, "immobilie_id": 123456, "message": "Moin Herr Heisterkamp,\n\nsehr gerne. Sie können heute Abend gerne spontan vorbeikommen, wir sind zu Hause. Die Adresse haben Sie ja (steht im Exposé). Wir freuen uns auf Sie!", "date_sent": "2022-09-09T08:43:23.043Z"}}, {"model": "messagearea.message", "pk": 36, "fields": {"conversation": 34, "immobilie_id": 123456, "message": "Prima, alles klar, bis heute Abend. Ich denke so gegen 19 Uhr bin ich bei Ihnen.", "date_sent": "2022-09-09T09:45:23.054Z"}}, {"model": "messagearea.message", "pk": 37, "fields": {"conversation": 35, "immobilie_id": 123456, "message": "Das Haus ist viel zu teuer! Für 100k weniger würde ich es nehmen. Melden Sie sich!", "date_sent": "2022-09-09T06:49:23.074Z"}}, {"model": "messagearea.message", "pk": 38, "fields": {"conversation": 36, "immobilie_id": 123456, "message": "Meine Frau liebt dieses Haus! Und ich liebe sie. Können wir es uns mal anschauen?", "date_sent": "2022-09-09T07:20:23.093Z"}}, {"model": "messagearea.message", "pk": 39, "fields": {"conversation": 37, "immobilie_id": 123456, "message": "I can give you lots of money for this house! covfefe", "date_sent": "2022-09-09T07:12:23.111Z"}}, {"model": "messagearea.message", "pk": 40, "fields": {"conversation": 38, "immobilie_id": 123456, "message": "Hallöchen! Gerne würde ich mir Ihr schickes Häuschen einmal ansehen. Ist Ihnen das Recht? Wann darf ich vorbeikommen?", "date_sent": "2022-09-09T07:09:23.128Z"}}, {"model": "messagearea.incomingmessage", "pk": 1, "fields": {"from_email": "conf1@example.com", "is_read": true, "is_replied_to": false}}, {"model": "messagearea.incomingmessage", "pk": 2, "fields": {"from_email": "conf2@example.com", "is_read": true, "is_replied_to": false}}, {"model": "messagearea.incomingmessage", "pk": 3, "fields": {"from_email": "conf3@example.com", "is_read": true, "is_replied_to": false}}, {"model": "messagearea.incomingmessage", "pk": 4, "fields": {"from_email": "conf4@example.com", "is_read": true, "is_replied_to": false}}, {"model": "messagearea.incomingmessage", "pk": 5, "fields": {"from_email": "conf5@example.com", "is_read": true, "is_replied_to": false}}, {"model": "messagearea.incomingmessage", "pk": 6, "fields": {"from_email": "conf6@example.com", "is_read": true, "is_replied_to": false}}, {"model": "messagearea.incomingmessage", "pk": 7, "fields": {"from_email": "conf7@example.com", "is_read": true, "is_replied_to": false}}, {"model": "messagearea.incomingmessage", "pk": 8, "fields": {"from_email": "conf8@example.com", "is_read": true, "is_replied_to": false}}, {"model": "messagearea.incomingmessage", "pk": 9, "fields": {"from_email": "conf9@example.com", "is_read": true, "is_replied_to": false}}, {"model": "messagearea.incomingmessage", "pk": 10, "fields": {"from_email": "conf10@example.com", "is_read": true, "is_replied_to": false}}, {"model": "messagearea.incomingmessage", "pk": 11, "fields": {"from_email": "conf11@example.com", "is_read": true, "is_replied_to": false}}, {"model": "messagearea.incomingmessage", "pk": 12, "fields": {"from_email": "conf12@example.com", "is_read": true, "is_replied_to": false}}, {"model": "messagearea.incomingmessage", "pk": 13, "fields": {"from_email": "conf13@example.com", "is_read": true, "is_replied_to": false}}, {"model": "messagearea.incomingmessage", "pk": 14, "fields": {"from_email": "conf14@example.com", "is_read": true, "is_replied_to": false}}, {"model": "messagearea.incomingmessage", "pk": 15, "fields": {"from_email": "conf15@example.com", "is_read": true, "is_replied_to": false}}, {"model": "messagearea.incomingmessage", "pk": 16, "fields": {"from_email": "conf16@example.com", "is_read": true, "is_replied_to": false}}, {"model": "messagearea.incomingmessage", "pk": 17, "fields": {"from_email": "conf17@example.com", "is_read": true, "is_replied_to": false}}, {"model": "messagearea.incomingmessage", "pk": 18, "fields": {"from_email": "conf18@example.com", "is_read": true, "is_replied_to": false}}, {"model": "messagearea.incomingmessage", "pk": 19, "fields": {"from_email": "conf19@example.com", "is_read": true, "is_replied_to": false}}, {"model": "messagearea.incomingmessage", "pk": 20, "fields": {"from_email": "conf20@example.com", "is_read": true, "is_replied_to": false}}, {"model": "messagearea.incomingmessage", "pk": 21, "fields": {"from_email": "conf21@example.com", "is_read": true, "is_replied_to": false}}, {"model": "messagearea.incomingmessage", "pk": 22, "fields": {"from_email": "conf22@example.com", "is_read": true, "is_replied_to": false}}, {"model": "messagearea.incomingmessage", "pk": 23, "fields": {"from_email": "conf23@example.com", "is_read": true, "is_replied_to": false}}, {"model": "messagearea.incomingmessage", "pk": 24, "fields": {"from_email": "conf24@example.com", "is_read": true, "is_replied_to": false}}, {"model": "messagearea.incomingmessage", "pk": 25, "fields": {"from_email": "conf25@example.com", "is_read": true, "is_replied_to": false}}, {"model": "messagearea.incomingmessage", "pk": 26, "fields": {"from_email": "conf26@example.com", "is_read": true, "is_replied_to": false}}, {"model": "messagearea.incomingmessage", "pk": 27, "fields": {"from_email": "conf27@example.com", "is_read": true, "is_replied_to": false}}, {"model": "messagearea.incomingmessage", "pk": 28, "fields": {"from_email": "conf28@example.com", "is_read": true, "is_replied_to": false}}, {"model": "messagearea.incomingmessage", "pk": 29, "fields": {"from_email": "conf29@example.com", "is_read": true, "is_replied_to": false}}, {"model": "messagearea.incomingmessage", "pk": 30, "fields": {"from_email": "conf30@example.com", "is_read": true, "is_replied_to": false}}, {"model": "messagearea.incomingmessage", "pk": 31, "fields": {"from_email": "bernd.stromberg@example.com", "is_read": true, "is_replied_to": false}}, {"model": "messagearea.incomingmessage", "pk": 33, "fields": {"from_email": "bernd.stromberg@example.com", "is_read": false, "is_replied_to": false}}, {"model": "messagearea.incomingmessage", "pk": 34, "fields": {"from_email": "the-ernie@example.com", "is_read": true, "is_replied_to": false}}, {"model": "messagearea.incomingmessage", "pk": 36, "fields": {"from_email": "the-ernie@example.com", "is_read": true, "is_replied_to": false}}, {"model": "messagearea.incomingmessage", "pk": 37, "fields": {"from_email": "boss.becker@example.com", "is_read": true, "is_replied_to": false}}, {"model": "messagearea.incomingmessage", "pk": 38, "fields": {"from_email": "die-steinkes@example.com", "is_read": true, "is_replied_to": true}}, {"model": "messagearea.incomingmessage", "pk": 39, "fields": {"from_email": "donald@whitehouse.gov", "is_read": true, "is_replied_to": true}}, {"model": "messagearea.incomingmessage", "pk": 40, "fields": {"from_email": "erika@example.com", "is_read": true, "is_replied_to": true}}, {"model": "messagearea.outgoingmessage", "pk": 32, "fields": {"to_email": ""}}, {"model": "messagearea.outgoingmessage", "pk": 35, "fields": {"to_email": ""}}]